{"unique_letters": ["w", "d", "k", "z", "n", "f", "'", " ", "-", "g", "i", "p", "o", "c", "x", "y", "a", "l", "u", "s", "m", "q", "r", "\ufffd", "j", "t", "h", "b", "e", "v"], "initial_prob_matrix": [0.02897298280724097, 0.050532156827071774, 0.04484672064040753, 0.009869917220049122, 0.02665332484308196, 0.03488583644137178, 0.0, 0.0, 0.0, 0.050532156827071774, 0.014281815700900573, 0.04107159101246247, 0.020194669335031383, 0.07286455016828891, 0.0009096697898662785, 0.00636768852906395, 0.07027199126717001, 0.056763394887655784, 0.006731556445010461, 0.08018739197671246, 0.07691258073319385, 0.002410624943145638, 0.04989538797416538, 0.0, 0.03374874920403893, 0.04289093059219503, 0.05098699172200491, 0.07009005730919676, 0.03884290002729009, 0.018284362776312197], "transition_prob_matrix": [[0.0, 0.008052708638360176, 0.008052708638360176, 0.0014641288433382138, 0.02855051244509517, 0.0029282576866764276, 0.0, 0.0, 0.0, 0.0007320644216691069, 0.2225475841874085, 0.0, 0.09956076134699854, 0.004392386530014641, 0.0, 0.0314787701317716, 0.2247437774524158, 0.027086383601756955, 0.01171303074670571, 0.021961932650073207, 0.004392386530014641, 0.0, 0.018301610541727673, 0.0, 0.0, 0.005124450951683748, 0.0314787701317716, 0.005124450951683748, 0.24231332357247437, 0.0], [0.015270935960591134, 0.0416256157635468, 0.0017241379310344827, 0.0007389162561576355, 0.00812807881773399, 0.0034482758620689655, 0.0002463054187192118, 0.0, 0.0, 0.014532019704433498, 0.13349753694581282, 0.0, 0.12807881773399016, 0.0004926108374384236, 0.0, 0.03940886699507389, 0.19458128078817735, 0.022660098522167486, 0.03645320197044335, 0.017980295566502463, 0.01600985221674877, 0.0002463054187192118, 0.0729064039408867, 0.0, 0.0002463054187192118, 0.006896551724137931, 0.005911330049261084, 0.0064039408866995075, 0.2293103448275862, 0.0032019704433497538], [0.00878048780487805, 0.0004878048780487805, 0.00878048780487805, 0.0, 0.0175609756097561, 0.000975609756097561, 0.0, 0.0, 0.0, 0.0, 0.17121951219512196, 0.0004878048780487805, 0.10195121951219512, 0.0, 0.0, 0.033658536585365856, 0.21170731707317073, 0.04439024390243902, 0.03219512195121951, 0.027804878048780488, 0.01024390243902439, 0.000975609756097561, 0.04926829268292683, 0.0, 0.000975609756097561, 0.003902439024390244, 0.015609756097560976, 0.0014634146341463415, 0.25658536585365854, 0.000975609756097561], [0.007656967840735069, 0.0, 0.006125574272588055, 0.04900459418070444, 0.0030627871362940277, 0.0015313935681470138, 0.0, 0.0, 0.0, 0.006125574272588055, 0.1883614088820827, 0.0030627871362940277, 0.11179173047473201, 0.006125574272588055, 0.0, 0.018376722817764167, 0.25880551301684535, 0.018376722817764167, 0.03522205206738132, 0.01225114854517611, 0.021439509954058193, 0.0, 0.009188361408882083, 0.0, 0.0, 0.0, 0.004594180704441042, 0.007656967840735069, 0.23124042879019907, 0.0], [0.004763164858428155, 0.10161418364646732, 0.013363323630590103, 0.008732468907118285, 0.10770044985445885, 0.0054247155332098436, 0.0, 0.0, 0.0002646202699126753, 0.05702566816618153, 0.0997618417570786, 0.00013231013495633765, 0.05080709182323366, 0.027520508070918232, 0.0, 0.01865572902884361, 0.16207991532151364, 0.005689335803122519, 0.009394019581899974, 0.04961630060862662, 0.0014554114845197143, 0.0005292405398253506, 0.0063508864779042076, 0.0, 0.0026462026991267533, 0.05636411749139984, 0.004895474993384493, 0.007012437152685896, 0.1964805504101614, 0.0017200317544323895], [0.0, 0.0006557377049180328, 0.0045901639344262295, 0.0, 0.0019672131147540984, 0.13377049180327868, 0.0, 0.0006557377049180328, 0.0, 0.0013114754098360656, 0.13311475409836065, 0.0, 0.12, 0.0006557377049180328, 0.0, 0.008524590163934427, 0.1580327868852459, 0.057704918032786885, 0.02754098360655738, 0.006557377049180328, 0.007868852459016393, 0.0, 0.1521311475409836, 0.0, 0.0, 0.017049180327868854, 0.0, 0.0, 0.1678688524590164, 0.0], [0.0, 0.21428571428571427, 0.03571428571428571, 0.0, 0.10714285714285714, 0.0, 0.0, 0.0, 0.0, 0.07142857142857142, 0.0, 0.0, 0.0, 0.17857142857142858, 0.0, 0.0, 0.03571428571428571, 0.0, 0.0, 0.03571428571428571, 0.10714285714285714, 0.0, 0.07142857142857142, 0.0, 0.0, 0.03571428571428571, 0.07142857142857142, 0.03571428571428571, 0.0, 0.0], [0.16666666666666666, 0.16666666666666666, 0.0, 0.16666666666666666, 0.0, 0.0, 0.0, 0.0, 0.0, 0.0, 0.0, 0.0, 0.0, 0.0, 0.0, 0.0, 0.16666666666666666, 0.0, 0.0, 0.0, 0.16666666666666666, 0.0, 0.0, 0.0, 0.0, 0.0, 0.0, 0.0, 0.0, 0.16666666666666666], [0.0, 0.1111111111111111, 0.0, 0.0, 0.0, 0.0, 0.0, 0.0, 0.0, 0.0, 0.0, 0.0, 0.0, 0.1111111111111111, 0.0, 0.0, 0.3888888888888889, 0.05555555555555555, 0.0, 0.0, 0.2222222222222222, 0.0, 0.0, 0.0, 0.1111111111111111, 0.0, 0.0, 0.0, 0.0, 0.0], [0.00901607212857703, 0.007840062720501764, 0.0003920031360250882, 0.0, 0.020776166209329674, 0.001960015680125441, 0.0, 0.0, 0.0, 0.037632301058408466, 0.11603292826342611, 0.0, 0.09251274010192082, 0.0007840062720501764, 0.0, 0.010584084672677381, 0.18071344570756567, 0.048608388867110934, 0.05684045472363779, 0.01764014112112897, 0.006272050176401411, 0.0003920031360250882, 0.09604076832614661, 0.0, 0.0, 0.008232065856526851, 0.06389651117208937, 0.0031360250882007056, 0.21912975303802432, 0.0015680125441003528], [0.000750992382791546, 0.03347280334728033, 0.01823838643922326, 0.005149662053427744, 0.21435468297392984, 0.00911919321961163, 0.0, 0.0, 0.0, 0.028537710546078746, 0.001287415513356936, 0.012445016629117048, 0.023280763866537924, 0.06619461431176912, 0.002789400278940028, 0.001501984765583092, 0.09548331724063942, 0.10707005686085184, 0.007831777706254693, 0.09290848621392554, 0.02907413367664414, 0.001823838643922326, 0.036047634373994206, 0.0, 0.001287415513356936, 0.05503701319600901, 0.002789400278940028, 0.014912563029717841, 0.12563029717841434, 0.012981439759682438], [0.0005837711617046118, 0.0005837711617046118, 0.004670169293636894, 0.0017513134851138354, 0.002918855808523059, 0.005837711617046118, 0.0, 0.0, 0.0, 0.0005837711617046118, 0.08873321657910099, 0.08172796263864565, 0.08639813193228255, 0.0011675423234092236, 0.0, 0.011675423234092236, 0.18914185639229422, 0.040863981319322826, 0.030939871570344425, 0.02568593111500292, 0.004670169293636894, 0.0, 0.07005253940455342, 0.0, 0.0, 0.011091652072387624, 0.12609457092819615, 0.0011675423234092236, 0.2136602451838879, 0.0], [0.035069995670370904, 0.04228604416221677, 0.00966950497907346, 0.0075046904315197, 0.22413046615673257, 0.013854813104344062, 0.003896666185596767, 0.0001443209698369173, 0.0002886419396738346, 0.01125703564727955, 0.011689998556790301, 0.01284456631548564, 0.03304950209265406, 0.02467888584211286, 0.004329629095107519, 0.013566171164670227, 0.012988887285322557, 0.1043440611920912, 0.03608024245922933, 0.060181844421994514, 0.0375234521575985, 0.0001443209698369173, 0.1860297301197864, 0.0, 0.001010246788858421, 0.03925530379564151, 0.01659691153124549, 0.025400490691297444, 0.01702987444075624, 0.015153701832876317], [0.0005051780752715333, 0.002525890376357666, 0.12427380651679718, 0.002525890376357666, 0.0035362465269007325, 0.001262945188178833, 0.0, 0.0, 0.0, 0.004041424602172266, 0.06668350593584238, 0.00025258903763576663, 0.14321798433947966, 0.018944177822682495, 0.0, 0.01944935589795403, 0.14928012124273807, 0.04950745137661026, 0.02298560242485476, 0.0017681232634503663, 0.002525890376357666, 0.004294013639808032, 0.03612023238191463, 0.0, 0.0, 0.008082849204344532, 0.2500631472594089, 0.00025258903763576663, 0.08790098509724678, 0.0], [0.007874015748031496, 0.0, 0.0, 0.0, 0.0, 0.03937007874015748, 0.0, 0.0, 0.0, 0.0, 0.29133858267716534, 0.0, 0.047244094488188976, 0.0, 0.0, 0.07086614173228346, 0.2283464566929134, 0.047244094488188976, 0.007874015748031496, 0.007874015748031496, 0.015748031496062992, 0.0, 0.0, 0.0, 0.0, 0.05511811023622047, 0.007874015748031496, 0.015748031496062992, 0.15748031496062992, 0.0], [0.010077519379844961, 0.03488372093023256, 0.010077519379844961, 0.0007751937984496124, 